First Name; Second Name; Email; Filename
Adam;Sławiński;siasiksiak@wp.pl;pity11_Adam_Slawinski.pdf
Agnieszka;Obst-Chwała;obst@op.pl;pity11_Agnieszka_Obst-Chwala.pdf
Alicja;Sierpinska;alasierpinska@gmail.com;pity11_Alicja_Sierpinska.pdf
Anna;Aleksandrow;aleksandrow.anna@gmail.com;pity11_Anna_Aleksandrow.pdf
Anna;Fijałkowska;fijalkowska.anna@gmail.com;pity11_Anna_Fijalkowska.pdf
Anna;Pociej-Michalska;apociej_m@op.pl;pity11_Anna_Pociej-Michalska.pdf
Anna;Swoboda;wiktoria.swoboda@gmail.com;pity11_Anna_Swoboda.pdf
Artur;Janda;artur_janda@wp.pl;pity11_Artur_Janda.pdf
Barbara;Świderska;basiaswiderska@poczta.onet.pl;pity11_Barbara_Swiderska.pdf
Beata;Kozyra;bea7777.bk@gmail.com;pity11_Beata_Kozyra.pdf
Daniel;Zorzano;mdzor@yahoo.com.mx;pity11_Daniel_Zorzano.pdf
Dominika;Malecka;dominika.malecka@poczta.fm;pity11_Dominika_Malecka.pdf
Dominika;Stencel;dominikastencel@gmail.com;pity11_Dominika_Stencel.pdf
Elżbieta;Jendrysik;liz-beth@wp.pl;pity11_Elzbieta_Jendrysik.pdf
Ewa;Chmielewska-Zorzano;ewachm@poczta.wp.pl;pity11_Ewa_Chmielewska-Zorzano.pdf
Grzegorz;Zimak;gzimak@gmail.com;pity11_Grzegorz_Zimak.pdf
Grzegorz;Zioła;ziolagrzegorz77@gmail.com;pity11_Grzegorz_Ziola.pdf
Jacek;Juszczak;ja-juszczak@tlen.pl;pity11_Jacek_Juszczak.pdf
Jakub;Burzyński;primouomo@wp.pl;pity11_Jakub_Burzynski.pdf
Michał;Gidziński;;pity11_Michal_Gidzinski.pdf
Jarosław;Kopeć;jarekopec@wp.pl;pity11_Jaroslaw_Kopec.pdf
Joanna;Gręziak;asia.ant@poczta.fm;pity11_Joanna_Greziak.pdf
Julita;Mirosławska;julita@miroslawska.com;pity11_Julita_Miroslawska.pdf
Kamila;Guz;kamilaaguz@gmail.com;pity11_Kamila_Guz.pdf
Katarzyna;Bienias;kasia-bienias@wp.pl;pity11_Katarzyna_Bienias.pdf
Katarzyna;Litwiniuk;katarzyna.litwiniuk@hotmail.com;pity11_Katarzyna_Litwiniuk.pdf
Kinga;Jaskowska;kinlukasik@gmail.com;pity11_Kinga_Jaskowska.pdf
Krzysztof;Chalimoniuk;chalimonio@gmail.com;pity11_Krzysztof_Chalimoniuk.pdf
Lidia;Szpilewska;aidil@plusnet.pl;pity11_Lidia_Szpilewska.pdf
Lubomir;Jarosz;trumpetart@wp.pl;pity11_Lubomir_Jarosz.pdf
Ludmiła;Piestrak;ludmila.piestrak@wp.pl;pity11_Ludmila_Piestrak.pdf
Magdalena;Dobrowolska;magda.ziaja@gmail.com;pity11_Magdalena_Dobrowolska.pdf
Magdalena;Irmińska;malena.ska@gmail.com;pity11_Magdalena_Irminska.pdf
Magdalena;Kuźmińska;m.johnson@wp.pl;pity11_Magdalena_Kuzminska.pdf
Malgorzata;Feldgebel;maviola@onet.pl;pity11_Malgorzata_Feldgebel.pdf
Marcin;Gadaliński;marcingada@hotmail.com;pity11_Marcin_Gadalinski.pdf
Marcin;Liweń;liwen.marcin@gmail.com;pity11_Marcin_Liwen.pdf
Marcin;Sochan;marcin_sochan@wp.pl;pity11_Marcin_Sochan.pdf
Marco;Vitale;marcovitale@gmail.com;pity11_Marco_Vitale.pdf
Marek;Kuc;aedipus@interia.pl;pity11_Marek_Kuc.pdf
Maria;Ślipska-Piotrowska;;pity11_Maria_Slipska-Piotrowska.pdf
Marian;Magiera;mariano.stabile@gmail.com;pity11_Marian_Magiera.pdf
Mariusz;Cyciura;m.cyciura@gmail.com;pity11_Mariusz_Cyciura.pdf
Marta;Czarkowska;marta.czarkowska@gmail.com;pity11_Marta_Czarkowska.pdf
Martin;Sobczyk;martin@sobczyk.pl;pity11_Martin_Sobczyk.pdf
Mateusz;Cendlak;mcendlak@gmail.com;pity11_Mateusz_Cendlak.pdf
Michał;Janczak;mrjanczak@gmail.com;pity11_Michal_Janczak.pdf
Michał;Kiljan;mik110@gazeta.pl;pity11_Michal_Kiljan.pdf
Michał;Muzyka;mimuz@wp.pl;pity11_Michal_Muzyka.pdf
Michał;Piotrowski;michalpiotrowski08@gmail.com;pity11_Michal_Piotrowski.pdf
Miłosz;Kondraciuk;baryton76@gmail.com;pity11_Milosz_Kondraciuk.pdf
Paweł;Kowalewski;paul.kowalewski@gmail.com;pity11_Pawel_Kowalewski.pdf
Paweł;Książkiewicz;p.a.ksiazkiewicz@gmail.com;pity11_Pawel_Ksiazkiewicz.pdf
Paweł;Zalewski;pawelmaciejzalewski@gmail.com;pity11_Pawel_Zalewski.pdf
Piotr;Maculewicz;pmac@gmx.net;pity11_Piotr_Maculewicz.pdf
Piotr;Wawreniuk;piotrombone@wp.pl;pity11_Piotr_Wawreniuk.pdf
Piotr;Zalewski;z-a-l-e-f@go2.pl;pity11_Piotr_Zalewski.pdf
Robert;Bachara;bachararobert@gmail.com;pity11_Robert_Bachara.pdf
Robert;Krajewski;robibas@wp.pl;pity11_Robert_Krajewski.pdf
Tomasz;Frycz;tomaszfrycz@gmail.com;pity11_Tomasz_Frycz.pdf
Tomasz;Gniatkowski;tgniatkowski@gmail.com;pity11_Tomasz_Gniatkowski.pdf
Tomasz;Warmijak;twarmijak@wp.pl;pity11_Tomasz_Warmijak.pdf
Tytus;Wojnowicz;serdecznamatka@autograf.pl;pity11_Tytus_Wojnowicz.pdf
Wojciech;Parchem;wojciechparchem@yahoo.com;pity11_Wojciech_Parchem.pdf
