<?xml version="1.0" encoding="UTF-8"?>
<Deklaracja xmlns="http://crd.gov.pl/wzor/2016/01/11/3066/" xmlns:etd="http://crd.gov.pl/xml/schematy/dziedzinowe/mf/2011/06/21/eD/DefinicjeTypy/"
><Naglowek
><KodFormularza kodSystemowy="PIT-11 (23)" kodPodatku="PIT" rodzajZobowiazania="Z" wersjaSchemy="1-0E"
>PIT-11</KodFormularza
><WariantFormularza
>23</WariantFormularza
><CelZlozenia poz="P_6"
>1</CelZlozenia
><Rok
>2016</Rok
><KodUrzedu
>XXXX</KodUrzedu
></Naglowek
><Podmiot1 rola="Płatnik"
><OsobaNiefizyczna
><etd:NIP
>1132421207</etd:NIP
><etd:PelnaNazwa
>STOWARZYSZENIE MUSICA HUMANA</etd:PelnaNazwa
></OsobaNiefizyczna
></Podmiot1
><Podmiot2 rola="Podatnik"
><OsobaFizyczna
><NIP
/><PESEL
>91090208542</PESEL
><ImiePierwsze
>MARIA</ImiePierwsze
><Nazwisko
>ŚLIPSKA-PIOTROWSKA</Nazwisko
><DataUrodzenia
>1991-09-02</DataUrodzenia
><NrId poz="P_12"
/><RodzajNrId poz="P_13"
/><KodKrajuWydania poz="P_14A"
/></OsobaFizyczna
><AdresZamieszkania rodzajAdresu="RAD"
><KodKraju poz="P_18A"
>PL</KodKraju
><Wojewodztwo
>MAZOWIECKIE</Wojewodztwo
><Powiat
></Powiat
><Gmina
></Gmina
><Ulica poz="P_22"
>STAFFA</Ulica
><NrDomu poz="P_23"
>12/14</NrDomu
><NrLokalu poz="P_24"
>73</NrLokalu
><Miejscowosc poz="P_25"
>WARSZAWA</Miejscowosc
><KodPocztowy poz="P_26"
>01-891</KodPocztowy
></AdresZamieszkania
></Podmiot2
><PozycjeSzczegolowe
><P_10
>1</P_10
>

<P_57>0</P_57>
<P_58>400</P_58>
<P_59>72</P_59>
<P_60>800</P_60>
<P_61>400</P_61>


<P_76
>2</P_76
></PozycjeSzczegolowe
><Pouczenie
>Za uchybienie obowiązkom płatnika grozi odpowiedzialność przewidziana w Kodeksie karnym skarbowym.</Pouczenie
></Deklaracja
>