<?xml version="1.0" encoding="UTF-8"?>
<Deklaracja xmlns="http://crd.gov.pl/wzor/2016/01/11/3066/" xmlns:etd="http://crd.gov.pl/xml/schematy/dziedzinowe/mf/2011/06/21/eD/DefinicjeTypy/"
><Naglowek
><KodFormularza kodSystemowy="PIT-11 (23)" kodPodatku="PIT" rodzajZobowiazania="Z" wersjaSchemy="1-0E"
>PIT-11</KodFormularza
><WariantFormularza
>23</WariantFormularza
><CelZlozenia poz="P_6"
>1</CelZlozenia
><Rok
>2016</Rok
><KodUrzedu
>1442</KodUrzedu
></Naglowek
><Podmiot1 rola="Płatnik"
><OsobaNiefizyczna
><etd:NIP
>1132421207</etd:NIP
><etd:PelnaNazwa
>STOWARZYSZENIE MUSICA HUMANA</etd:PelnaNazwa
></OsobaNiefizyczna
></Podmiot1
><Podmiot2 rola="Podatnik"
><OsobaFizyczna
><NIP
/><PESEL
>81123013700</PESEL
><ImiePierwsze
>LUDMIŁA</ImiePierwsze
><Nazwisko
>PIESTRAK</Nazwisko
><DataUrodzenia
>1981-12-30</DataUrodzenia
><NrId poz="P_12"
/><RodzajNrId poz="P_13"
/><KodKrajuWydania poz="P_14A"
/></OsobaFizyczna
><AdresZamieszkania rodzajAdresu="RAD"
><KodKraju poz="P_18A"
>PL</KodKraju
><Wojewodztwo
>MAZOWIECKIE</Wojewodztwo
><Powiat
>WOŁOMIŃSKI</Powiat
><Gmina
>ZĄBKI</Gmina
><Ulica poz="P_22"
>WIOSENNA</Ulica
><NrDomu poz="P_23"
>7</NrDomu
><NrLokalu poz="P_24"
>60</NrLokalu
><Miejscowosc poz="P_25"
>ZĄBKI</Miejscowosc
><KodPocztowy poz="P_26"
>05-091</KodPocztowy
></AdresZamieszkania
></Podmiot2
><PozycjeSzczegolowe
><P_10
>1</P_10
>

<P_57>0</P_57>
<P_58>1035</P_58>
<P_59>186</P_59>
<P_60>2070</P_60>
<P_61>1035</P_61>


<P_76
>2</P_76
></PozycjeSzczegolowe
><Pouczenie
>Za uchybienie obowiązkom płatnika grozi odpowiedzialność przewidziana w Kodeksie karnym skarbowym.</Pouczenie
></Deklaracja
>