<?xml version="1.0" encoding="UTF-8"?>
<Deklaracja xmlns="http://crd.gov.pl/wzor/2016/01/11/3066/" xmlns:etd="http://crd.gov.pl/xml/schematy/dziedzinowe/mf/2011/06/21/eD/DefinicjeTypy/"
><Naglowek
><KodFormularza kodSystemowy="PIT-11 (23)" kodPodatku="PIT" rodzajZobowiazania="Z" wersjaSchemy="1-0E"
>PIT-11</KodFormularza
><WariantFormularza
>23</WariantFormularza
><CelZlozenia poz="P_6"
>1</CelZlozenia
><Rok
>2016</Rok
><KodUrzedu
>1439</KodUrzedu
></Naglowek
><Podmiot1 rola="Płatnik"
><OsobaNiefizyczna
><etd:NIP
>1132421207</etd:NIP
><etd:PelnaNazwa
>STOWARZYSZENIE MUSICA HUMANA</etd:PelnaNazwa
></OsobaNiefizyczna
></Podmiot1
><Podmiot2 rola="Podatnik"
><OsobaFizyczna
><NIP
/><PESEL
>63071303241</PESEL
><ImiePierwsze
>MALGORZATA</ImiePierwsze
><Nazwisko
>FELDGEBEL</Nazwisko
><DataUrodzenia
>1963-07-13</DataUrodzenia
><NrId poz="P_12"
/><RodzajNrId poz="P_13"
/><KodKrajuWydania poz="P_14A"
/></OsobaFizyczna
><AdresZamieszkania rodzajAdresu="RAD"
><KodKraju poz="P_18A"
>PL</KodKraju
><Wojewodztwo
>MAZOWIECKIE</Wojewodztwo
><Powiat
>WARSZAWSKI</Powiat
><Gmina
>WARSZAWA</Gmina
><Ulica poz="P_22"
>GAZOWA</Ulica
><NrDomu poz="P_23"
>9</NrDomu
><NrLokalu poz="P_24"
></NrLokalu
><Miejscowosc poz="P_25"
>WARSZAWA</Miejscowosc
><KodPocztowy poz="P_26"
>05-075</KodPocztowy
></AdresZamieszkania
></Podmiot2
><PozycjeSzczegolowe
><P_10
>1</P_10
>

<P_57>0</P_57>
<P_58>1000</P_58>
<P_59>180</P_59>
<P_60>2000</P_60>
<P_61>1000</P_61>


<P_76
>2</P_76
></PozycjeSzczegolowe
><Pouczenie
>Za uchybienie obowiązkom płatnika grozi odpowiedzialność przewidziana w Kodeksie karnym skarbowym.</Pouczenie
></Deklaracja
>